#SampleID	BarcodeSequence	LinkerPrimerSequence	BarcodeName	ReversePrimer	ProjectName	Description
1.CA2a	ATCATAGGCT	GTGYCAGCMGCCGCGGTAA	60bp_UDPi5_0073	GGACTACNVGGGTWTCTAAT	060823STillcus515F	1.CA2a	
1.CH2a	TGTTAGAAGG	GTGYCAGCMGCCGCGGTAA	60bp_UDPi5_0074	GGACTACNVGGGTWTCTAAT	060823STillcus515F	1.CH2a	
1.Ea	GATGGATGTA	GTGYCAGCMGCCGCGGTAA	60bp_UDPi5_0075	GGACTACNVGGGTWTCTAAT	060823STillcus515F	1.Ea	
1.PA2a	ACGGCCGTCA	GTGYCAGCMGCCGCGGTAA	60bp_UDPi5_0076	GGACTACNVGGGTWTCTAAT	060823STillcus515F	1.PA2a	
1.PH1a	CGTTGCTTAC	GTGYCAGCMGCCGCGGTAA	60bp_UDPi5_0077	GGACTACNVGGGTWTCTAAT	060823STillcus515F	1.PH1a	
2.CA2a	TGACTACATA	GTGYCAGCMGCCGCGGTAA	60bp_UDPi5_0078	GGACTACNVGGGTWTCTAAT	060823STillcus515F	2.CA2a	
2.CH1b	CGGCCTCGTT	GTGYCAGCMGCCGCGGTAA	60bp_UDPi5_0079	GGACTACNVGGGTWTCTAAT	060823STillcus515F	2.CH1b	
2.Ea	CAAGCATCCG	GTGYCAGCMGCCGCGGTAA	60bp_UDPi5_0080	GGACTACNVGGGTWTCTAAT	060823STillcus515F	2.Ea	
2.PA1b	TCGTCTGACT	GTGYCAGCMGCCGCGGTAA	60bp_UDPi5_0081	GGACTACNVGGGTWTCTAAT	060823STillcus515F	2.PA1b	
2.PH2a	CTCATAGCGA	GTGYCAGCMGCCGCGGTAA	60bp_UDPi5_0082	GGACTACNVGGGTWTCTAAT	060823STillcus515F	2.PH2a	
3.CA1b	AGACACATTA	GTGYCAGCMGCCGCGGTAA	60bp_UDPi5_0083	GGACTACNVGGGTWTCTAAT	060823STillcus515F	3.CA1b	
3.CH2a	GCGCGATGTT	GTGYCAGCMGCCGCGGTAA	60bp_UDPi5_0084	GGACTACNVGGGTWTCTAAT	060823STillcus515F	3.CH2a	
3.Eb	CATGAGTACT	GTGYCAGCMGCCGCGGTAA	60bp_UDPi5_0085	GGACTACNVGGGTWTCTAAT	060823STillcus515F	3.Eb	
3.PA1a	ACGTCAATAC	GTGYCAGCMGCCGCGGTAA	60bp_UDPi5_0086	GGACTACNVGGGTWTCTAAT	060823STillcus515F	3.PA1a	
3.PH1b	GATACCTCCT	GTGYCAGCMGCCGCGGTAA	60bp_UDPi5_0087	GGACTACNVGGGTWTCTAAT	060823STillcus515F	3.PH1b	
4.CA1a	ATCCGTAAGT	GTGYCAGCMGCCGCGGTAA	60bp_UDPi5_0088	GGACTACNVGGGTWTCTAAT	060823STillcus515F	4.CA1a	
4.CH1a	CGTGTATCTT	GTGYCAGCMGCCGCGGTAA	60bp_UDPi5_0089	GGACTACNVGGGTWTCTAAT	060823STillcus515F	4.CH1a	
4.Ea	GAACCATGAA	GTGYCAGCMGCCGCGGTAA	60bp_UDPi5_0090	GGACTACNVGGGTWTCTAAT	060823STillcus515F	4.Ea	
4.PA2a	GGCCATCATA	GTGYCAGCMGCCGCGGTAA	60bp_UDPi5_0091	GGACTACNVGGGTWTCTAAT	060823STillcus515F	4.PA2a	
4.PH1b	ACATACTTCC	GTGYCAGCMGCCGCGGTAA	60bp_UDPi5_0092	GGACTACNVGGGTWTCTAAT	060823STillcus515F	4.PH1b	
blank.060823STillcus515F	TATGTGCAAT	GTGYCAGCMGCCGCGGTAA	60bp_UDPi5_0093	GGACTACNVGGGTWTCTAAT	060823STillcus515F	blank.060823STillcus515F	
mock.060823STillcus515F	GATTAAGGTG	GTGYCAGCMGCCGCGGTAA	60bp_UDPi5_0094	GGACTACNVGGGTWTCTAAT	060823STillcus515F	mock.060823STillcus515F	
